{
  "rows": 27,
  "splits": 9,
  "method": "tcn",
  "device": "cpu",
  "mean_metrics": [
    {
      "n_input_channels": 5,
      "rmse": 2.509858939382765,
      "mae": 1.920912292268541,
      "pearson_r": 0.9716344541973538,
      "r2": 0.9435037887806408
    },
    {
      "n_input_channels": 10,
      "rmse": 1.9795016182793512,
      "mae": 1.477757864528232,
      "pearson_r": 0.9819543295436435,
      "r2": 0.9639526739011336
    },
    {
      "n_input_channels": 15,
      "rmse": 2.267107089360555,
      "mae": 1.6654579771889582,
      "pearson_r": 0.97638381852044,
      "r2": 0.9528787606824692
    }
  ]
}