{
  "rows": 27,
  "splits": 9,
  "method": "deep_cnn",
  "device": "cpu",
  "mean_metrics": [
    {
      "n_input_channels": 5,
      "rmse": 2.5108653174506292,
      "mae": 1.9224492841296725,
      "pearson_r": 0.971559590763516,
      "r2": 0.9433682880828856
    },
    {
      "n_input_channels": 10,
      "rmse": 1.9790728092193604,
      "mae": 1.4792315165201824,
      "pearson_r": 0.9819609787729051,
      "r2": 0.9639497537625358
    },
    {
      "n_input_channels": 15,
      "rmse": 2.2748958932028875,
      "mae": 1.6718004412121243,
      "pearson_r": 0.9762306544515822,
      "r2": 0.9525785391392783
    }
  ]
}