{
  "method": "bem_residual",
  "total_rows": 351,
  "overall_rows": 27,
  "per_channel_rows": 324,
  "mean_metrics_by_channel_count": [
    {
      "n_input_channels": 5,
      "rmse_mean": 2.5145486195882163,
      "rmse_std": 0.49681353408845497,
      "mae_mean": 1.9255823559231229,
      "mae_std": 0.38001217601389176,
      "pearson_r_mean": 0.9705285231272379,
      "pearson_r_std": 0.004898272077169326,
      "r2_mean": 0.9416970817232294,
      "r2_std": 0.00942765319212559,
      "band_rmse_delta_mean": 0.2140973419749121,
      "band_rmse_delta_std": 0.09337119280759022,
      "band_rmse_theta_mean": 0.25961455687379315,
      "band_rmse_theta_std": 0.11719389140583372,
      "band_rmse_alpha_mean": 0.3102286302296991,
      "band_rmse_alpha_std": 0.13492793860617766,
      "band_rmse_beta_mean": 1.215873199356994,
      "band_rmse_beta_std": 0.5009368827471339,
      "band_rmse_gamma_mean": 1.1015327309852176,
      "band_rmse_gamma_std": 0.48000401093015604
    },
    {
      "n_input_channels": 10,
      "rmse_mean": 2.017770383093092,
      "rmse_std": 0.324811329873379,
      "mae_mean": 1.5206345187293158,
      "mae_std": 0.22581970722718378,
      "pearson_r_mean": 0.9809321959813436,
      "pearson_r_std": 0.0030903842863758265,
      "r2_mean": 0.9621133017619231,
      "r2_std": 0.006147898884121353,
      "band_rmse_delta_mean": 0.1593782842309008,
      "band_rmse_delta_std": 0.07694472152745042,
      "band_rmse_theta_mean": 0.1993519792786148,
      "band_rmse_theta_std": 0.1073757685120894,
      "band_rmse_alpha_mean": 0.24868208122281965,
      "band_rmse_alpha_std": 0.13130187897455306,
      "band_rmse_beta_mean": 0.9274527045228802,
      "band_rmse_beta_std": 0.4615825776305951,
      "band_rmse_gamma_mean": 0.7722942923031456,
      "band_rmse_gamma_std": 0.3858003904261996
    },
    {
      "n_input_channels": 15,
      "rmse_mean": 2.3161509566836886,
      "rmse_std": 0.4999348264665605,
      "mae_mean": 1.7210753096474543,
      "mae_std": 0.3593259021624497,
      "pearson_r_mean": 0.9748056133588155,
      "pearson_r_std": 0.0048722947353010745,
      "r2_mean": 0.9498347030214275,
      "r2_std": 0.009804349079707786,
      "band_rmse_delta_mean": 0.24633360601666243,
      "band_rmse_delta_std": 0.16011446069049723,
      "band_rmse_theta_mean": 0.2693985927061369,
      "band_rmse_theta_std": 0.18432921320227824,
      "band_rmse_alpha_mean": 0.3620599442889958,
      "band_rmse_alpha_std": 0.2610576076065136,
      "band_rmse_beta_mean": 1.3475899868735464,
      "band_rmse_beta_std": 0.9693073323018576,
      "band_rmse_gamma_mean": 1.1771502430863297,
      "band_rmse_gamma_std": 0.8159165184370046
    }
  ],
  "per_channel_metrics_mean": [
    {
      "n_input_channels": 5,
      "channel": "C1",
      "rmse_mean": 2.4139300849702625,
      "rmse_std": 0.40168070895147917,
      "mae_mean": 1.9114528232150607,
      "mae_std": 0.31580837751897717,
      "pearson_r_mean": 0.9727672470940484,
      "pearson_r_std": 0.0057750315978516075,
      "r2_mean": 0.9453971849547492,
      "r2_std": 0.011288652364808048
    },
    {
      "n_input_channels": 5,
      "channel": "C2",
      "rmse_mean": 2.3524769014782376,
      "rmse_std": 0.4456354533262738,
      "mae_mean": 1.8693696922726102,
      "mae_std": 0.34662171182931867,
      "pearson_r_mean": 0.9760144684049818,
      "pearson_r_std": 0.005163288340480215,
      "r2_mean": 0.950993213388655,
      "r2_std": 0.011061862853906928
    },
    {
      "n_input_channels": 5,
      "channel": "C5",
      "rmse_mean": 3.09017374780443,
      "rmse_std": 0.5776200832331642,
      "mae_mean": 2.418578677707248,
      "mae_std": 0.4431259455326184,
      "pearson_r_mean": 0.9259429044193692,
      "pearson_r_std": 0.01162837995945663,
      "r2_mean": 0.8551882041825188,
      "r2_std": 0.021758315227371223
    },
    {
      "n_input_channels": 5,
      "channel": "C6",
      "rmse_mean": 3.461399369769626,
      "rmse_std": 0.7988068503860756,
      "mae_mean": 2.7011969884236655,
      "mae_std": 0.5994082484788348,
      "pearson_r_mean": 0.9360744423336453,
      "pearson_r_std": 0.016723276528068525,
      "r2_mean": 0.8707246979077657,
      "r2_std": 0.03878489477803345
    },
    {
      "n_input_channels": 5,
      "channel": "CP1",
      "rmse_mean": 2.0644028584162393,
      "rmse_std": 0.3535267556240206,
      "mae_mean": 1.6419597731696234,
      "mae_std": 0.27078676947266306,
      "pearson_r_mean": 0.9795832104153104,
      "pearson_r_std": 0.004763074750333756,
      "r2_mean": 0.9592560397254096,
      "r2_std": 0.009535138585183435
    },
    {
      "n_input_channels": 5,
      "channel": "CP2",
      "rmse_mean": 1.7541691462198894,
      "rmse_std": 0.3755932922914241,
      "mae_mean": 1.3808065321710374,
      "mae_std": 0.29110404460947065,
      "pearson_r_mean": 0.9864675402641296,
      "pearson_r_std": 0.002726031272735858,
      "r2_mean": 0.9729319479730394,
      "r2_std": 0.005315678007387086
    },
    {
      "n_input_channels": 5,
      "channel": "CP3",
      "rmse_mean": 2.292142113049825,
      "rmse_std": 0.8293311966959109,
      "mae_mean": 1.782548401090834,
      "mae_std": 0.6268684564386304,
      "pearson_r_mean": 0.9716461830668979,
      "pearson_r_std": 0.015548840869456107,
      "r2_mean": 0.944005204571618,
      "r2_std": 0.02995439886523045
    },
    {
      "n_input_channels": 5,
      "channel": "CP4",
      "rmse_mean": 2.3438803487353854,
      "rmse_std": 0.6788969646406082,
      "mae_mean": 1.8273183107376099,
      "mae_std": 0.5116471566454948,
      "pearson_r_mean": 0.9759325914912753,
      "pearson_r_std": 0.006273420899135787,
      "r2_mean": 0.9518951111369662,
      "r2_std": 0.012410733747032773
    },
    {
      "n_input_channels": 5,
      "channel": "CPz",
      "rmse_mean": 2.183923946486579,
      "rmse_std": 0.49767456744233113,
      "mae_mean": 1.7223436170154147,
      "mae_std": 0.39331082232671183,
      "pearson_r_mean": 0.9793278574943542,
      "pearson_r_std": 0.0058292996445080784,
      "r2_mean": 0.9586566554175483,
      "r2_std": 0.011496689445318757
    },
    {
      "n_input_channels": 5,
      "channel": "Cz",
      "rmse_mean": 3.2539599471622043,
      "rmse_std": 0.9135084442823335,
      "mae_mean": 2.5774564345677695,
      "mae_std": 0.7164055764963778,
      "pearson_r_mean": 0.9560911854108175,
      "pearson_r_std": 0.01650375962630017,
      "r2_mean": 0.9129120707511902,
      "r2_std": 0.03129847510460776
    },
    {
      "n_input_channels": 5,
      "channel": "FC1",
      "rmse_mean": 2.305764635403951,
      "rmse_std": 0.45069837621259984,
      "mae_mean": 1.807418213950263,
      "mae_std": 0.33933701489684603,
      "pearson_r_mean": 0.9760075277752347,
      "pearson_r_std": 0.006536001806433297,
      "r2_mean": 0.9514793290032281,
      "r2_std": 0.0124491976528454
    },
    {
      "n_input_channels": 5,
      "channel": "FC2",
      "rmse_mean": 2.4658415449990168,
      "rmse_std": 0.47145080951837326,
      "mae_mean": 1.9333804315990872,
      "mae_std": 0.3678369364729187,
      "pearson_r_mean": 0.9740475085046556,
      "pearson_r_std": 0.0069342426856228755,
      "r2_mean": 0.947430067592197,
      "r2_std": 0.013801271691883174
    },
    {
      "n_input_channels": 5,
      "channel": "FC3",
      "rmse_mean": 2.405549751387702,
      "rmse_std": 0.49956694547657055,
      "mae_mean": 1.8598290549384222,
      "mae_std": 0.35599035705682397,
      "pearson_r_mean": 0.9688672092225816,
      "pearson_r_std": 0.011222576931891012,
      "r2_mean": 0.9380379186736213,
      "r2_std": 0.021774270233357127
    },
    {
      "n_input_channels": 5,
      "channel": "FC4",
      "rmse_mean": 2.4810386896133423,
      "rmse_std": 0.49905670912284367,
      "mae_mean": 1.9355501863691542,
      "mae_std": 0.39054619648187205,
      "pearson_r_mean": 0.9718667798572116,
      "pearson_r_std": 0.005883290606408575,