{
  "method": "bem_residual",
  "rows": 27,
  "splits": 9,
  "device": "cuda",
  "epochs": 12,
  "batch_size": 512,
  "lr": 0.001,
  "inverse_method": "MNE",
  "lambda2": 1.0,
  "bem_conductivity": [
    0.33,
    0.0132,
    0.33
  ],
  "bem_ico": 3,
  "source_spacing": "oct4",
  "forward_solution": "C:\\Users\\unnat\\Documents\\GitHub\\EEGFeatureExtraction\\new_repository\\Processed_BCI_Competition_Data\\bem_forward_22ch-fwd.fif",
  "channel_sets": {
    "5": [
      "Fz",
      "C3",
      "C4",
      "Pz",
      "POz"
    ],
    "10": [
      "Fz",
      "FC3",
      "FC4",
      "C3",
      "Cz",
      "C4",
      "CP3",
      "CP4",
      "Pz",
      "POz"
    ],
    "15": [
      "Fz",
      "FC3",
      "FC1",
      "FC2",
      "FC4",
      "C3",
      "C1",
      "Cz",
      "C2",
      "C4",
      "CP3",
      "CP1",
      "CP2",
      "CP4",
      "Pz"
    ]
  },
  "mean_metrics_by_channel_count": [
    {
      "n_input_channels": 5,
      "rmse_mean": 2.5145486195882163,
      "rmse_std": 0.49681353408845497,
      "mae_mean": 1.9255823559231229,
      "mae_std": 0.38001217601389176,
      "pearson_r_mean": 0.9705285231272379,
      "pearson_r_std": 0.004898272077169326,
      "r2_mean": 0.9416970817232294,
      "r2_std": 0.00942765319212559,
      "band_rmse_delta_mean": 0.2140973419749121,
      "band_rmse_delta_std": 0.09337119280759022,
      "band_rmse_theta_mean": 0.25961455687379315,
      "band_rmse_theta_std": 0.11719389140583372,
      "band_rmse_alpha_mean": 0.3102286302296991,
      "band_rmse_alpha_std": 0.13492793860617766,
      "band_rmse_beta_mean": 1.215873199356994,
      "band_rmse_beta_std": 0.5009368827471339,
      "band_rmse_gamma_mean": 1.1015327309852176,
      "band_rmse_gamma_std": 0.48000401093015604
    },
    {
      "n_input_channels": 10,
      "rmse_mean": 2.017770383093092,
      "rmse_std": 0.324811329873379,
      "mae_mean": 1.5206345187293158,
      "mae_std": 0.22581970722718378,
      "pearson_r_mean": 0.9809321959813436,
      "pearson_r_std": 0.0030903842863758265,
      "r2_mean": 0.9621133017619231,
      "r2_std": 0.006147898884121353,
      "band_rmse_delta_mean": 0.1593782842309008,
      "band_rmse_delta_std": 0.07694472152745042,
      "band_rmse_theta_mean": 0.1993519792786148,
      "band_rmse_theta_std": 0.1073757685120894,
      "band_rmse_alpha_mean": 0.24868208122281965,
      "band_rmse_alpha_std": 0.13130187897455306,
      "band_rmse_beta_mean": 0.9274527045228802,
      "band_rmse_beta_std": 0.4615825776305951,
      "band_rmse_gamma_mean": 0.7722942923031456,
      "band_rmse_gamma_std": 0.3858003904261996
    },
    {
      "n_input_channels": 15,
      "rmse_mean": 2.3161509566836886,
      "rmse_std": 0.4999348264665605,
      "mae_mean": 1.7210753096474543,
      "mae_std": 0.3593259021624497,
      "pearson_r_mean": 0.9748056133588155,
      "pearson_r_std": 0.0048722947353010745,
      "r2_mean": 0.9498347030214275,
      "r2_std": 0.009804349079707786,
      "band_rmse_delta_mean": 0.24633360601666243,
      "band_rmse_delta_std": 0.16011446069049723,
      "band_rmse_theta_mean": 0.2693985927061369,
      "band_rmse_theta_std": 0.18432921320227824,
      "band_rmse_alpha_mean": 0.3620599442889958,
      "band_rmse_alpha_std": 0.2610576076065136,
      "band_rmse_beta_mean": 1.3475899868735464,
      "band_rmse_beta_std": 0.9693073323018576,
      "band_rmse_gamma_mean": 1.1771502430863297,
      "band_rmse_gamma_std": 0.8159165184370046
    }
  ]
}