{
  "method": "interpolation_residual",
  "rows": 27,
  "splits": 9,
  "device": "cuda",
  "epochs": 12,
  "batch_size": 512,
  "lr": 0.001,
  "channel_sets": {
    "5": [
      "Fz",
      "C3",
      "C4",
      "Pz",
      "POz"
    ],
    "10": [
      "Fz",
      "FC3",
      "FC4",
      "C3",
      "Cz",
      "C4",
      "CP3",
      "CP4",
      "Pz",
      "POz"
    ],
    "15": [
      "Fz",
      "FC3",
      "FC1",
      "FC2",
      "FC4",
      "C3",
      "C1",
      "Cz",
      "C2",
      "C4",
      "CP3",
      "CP1",
      "CP2",
      "CP4",
      "Pz"
    ]
  },
  "mean_metrics_by_channel_count": [
    {
      "n_input_channels": 5,
      "rmse_mean": 2.499079293674893,
      "rmse_std": 0.5560114513003502,
      "mae_mean": 1.9114362001419067,
      "mae_std": 0.4247288290348441,
      "pearson_r_mean": 0.9716629915767245,
      "pearson_r_std": 0.004990151767099376,
      "r2_mean": 0.943905169516449,
      "r2_std": 0.009589346379624325,
      "band_rmse_delta_mean": 0.2077258930208621,
      "band_rmse_delta_std": 0.0944046932063277,
      "band_rmse_theta_mean": 0.24032634394594396,
      "band_rmse_theta_std": 0.12409249320429526,
      "band_rmse_alpha_mean": 0.31235098207901024,
      "band_rmse_alpha_std": 0.16000432491128502,
      "band_rmse_beta_mean": 1.2153708529000866,
      "band_rmse_beta_std": 0.6272960137507644,
      "band_rmse_gamma_mean": 1.0165630911315462,
      "band_rmse_gamma_std": 0.5474514335062859
    },
    {
      "n_input_channels": 10,
      "rmse_mean": 1.97368327776591,
      "rmse_std": 0.33030564965684706,
      "mae_mean": 1.473605023490058,
      "mae_std": 0.2279554716376548,
      "pearson_r_mean": 0.9819479253556993,
      "pearson_r_std": 0.003664809142563649,
      "r2_mean": 0.9641819017956917,
      "r2_std": 0.00718984557038297,
      "band_rmse_delta_mean": 0.16451097843409723,
      "band_rmse_delta_std": 0.07163070091069963,
      "band_rmse_theta_mean": 0.20077585813411847,
      "band_rmse_theta_std": 0.10321840525670382,
      "band_rmse_alpha_mean": 0.25131846375968986,
      "band_rmse_alpha_std": 0.12077174907394253,
      "band_rmse_beta_mean": 0.936980779757877,
      "band_rmse_beta_std": 0.4586635711171586,
      "band_rmse_gamma_mean": 0.8178427963789071,
      "band_rmse_gamma_std": 0.44696264335971697
    },
    {
      "n_input_channels": 15,
      "rmse_mean": 2.274721688694424,
      "rmse_std": 0.5032819964682508,
      "mae_mean": 1.6694098711013794,
      "mae_std": 0.3559148830135764,
      "pearson_r_mean": 0.9761169685257806,
      "pearson_r_std": 0.0040262589314587075,
      "r2_mean": 0.9526714289870148,
      "r2_std": 0.007941914152781952,
      "band_rmse_delta_mean": 0.22672590175059934,
      "band_rmse_delta_std": 0.15889090580714968,
      "band_rmse_theta_mean": 0.2718989764318489,
      "band_rmse_theta_std": 0.1820277434615107,
      "band_rmse_alpha_mean": 0.3326532916497817,
      "band_rmse_alpha_std": 0.21183353691894277,
      "band_rmse_beta_mean": 1.22656096744504,
      "band_rmse_beta_std": 0.7859065344210648,
      "band_rmse_gamma_mean": 1.103602511963343,
      "band_rmse_gamma_std": 0.7326736644805982
    }
  ]
}