{
  "method": "interpolation_residual",
  "total_rows": 351,
  "overall_rows": 27,
  "per_channel_rows": 324,
  "mean_metrics_by_channel_count": [
    {
      "n_input_channels": 5,
      "rmse_mean": 2.499079293674893,
      "rmse_std": 0.5560114513003502,
      "mae_mean": 1.9114362001419067,
      "mae_std": 0.4247288290348441,
      "pearson_r_mean": 0.9716629915767245,
      "pearson_r_std": 0.004990151767099376,
      "r2_mean": 0.943905169516449,
      "r2_std": 0.009589346379624325,
      "band_rmse_delta_mean": 0.2077258930208621,
      "band_rmse_delta_std": 0.0944046932063277,
      "band_rmse_theta_mean": 0.24032634394594396,
      "band_rmse_theta_std": 0.12409249320429526,
      "band_rmse_alpha_mean": 0.31235098207901024,
      "band_rmse_alpha_std": 0.16000432491128502,
      "band_rmse_beta_mean": 1.2153708529000866,
      "band_rmse_beta_std": 0.6272960137507644,
      "band_rmse_gamma_mean": 1.0165630911315462,
      "band_rmse_gamma_std": 0.5474514335062859
    },
    {
      "n_input_channels": 10,
      "rmse_mean": 1.97368327776591,
      "rmse_std": 0.33030564965684706,
      "mae_mean": 1.473605023490058,
      "mae_std": 0.2279554716376548,
      "pearson_r_mean": 0.9819479253556993,
      "pearson_r_std": 0.003664809142563649,
      "r2_mean": 0.9641819017956917,
      "r2_std": 0.00718984557038297,
      "band_rmse_delta_mean": 0.16451097843409723,
      "band_rmse_delta_std": 0.07163070091069963,
      "band_rmse_theta_mean": 0.20077585813411847,
      "band_rmse_theta_std": 0.10321840525670382,
      "band_rmse_alpha_mean": 0.25131846375968986,
      "band_rmse_alpha_std": 0.12077174907394253,
      "band_rmse_beta_mean": 0.936980779757877,
      "band_rmse_beta_std": 0.4586635711171586,
      "band_rmse_gamma_mean": 0.8178427963789071,
      "band_rmse_gamma_std": 0.44696264335971697
    },
    {
      "n_input_channels": 15,
      "rmse_mean": 2.274721688694424,
      "rmse_std": 0.5032819964682508,
      "mae_mean": 1.6694098711013794,
      "mae_std": 0.3559148830135764,
      "pearson_r_mean": 0.9761169685257806,
      "pearson_r_std": 0.0040262589314587075,
      "r2_mean": 0.9526714289870148,
      "r2_std": 0.007941914152781952,
      "band_rmse_delta_mean": 0.22672590175059934,
      "band_rmse_delta_std": 0.15889090580714968,
      "band_rmse_theta_mean": 0.2718989764318489,
      "band_rmse_theta_std": 0.1820277434615107,
      "band_rmse_alpha_mean": 0.3326532916497817,
      "band_rmse_alpha_std": 0.21183353691894277,
      "band_rmse_beta_mean": 1.22656096744504,
      "band_rmse_beta_std": 0.7859065344210648,
      "band_rmse_gamma_mean": 1.103602511963343,
      "band_rmse_gamma_std": 0.7326736644805982
    }
  ],
  "per_channel_metrics_mean": [
    {
      "n_input_channels": 5,
      "channel": "C1",
      "rmse_mean": 2.3549817403157554,
      "rmse_std": 0.44689949096214304,
      "mae_mean": 1.8654776944054499,
      "mae_std": 0.35168011919440806,
      "pearson_r_mean": 0.974358532163832,
      "pearson_r_std": 0.005770377786759992,
      "r2_mean": 0.9487841857804192,
      "r2_std": 0.010916421067045231
    },
    {
      "n_input_channels": 5,
      "channel": "C2",
      "rmse_mean": 2.2808934847513833,
      "rmse_std": 0.46612575596020683,
      "mae_mean": 1.8079500595728557,
      "mae_std": 0.361911989363346,
      "pearson_r_mean": 0.9775683416260613,
      "pearson_r_std": 0.004603326538555568,
      "r2_mean": 0.9549533989694383,
      "r2_std": 0.008809634284472364
    },
    {
      "n_input_channels": 5,
      "channel": "C5",
      "rmse_mean": 3.308324681388007,
      "rmse_std": 0.7008382630699246,
      "mae_mean": 2.5415991147359214,
      "mae_std": 0.49979914224813465,
      "pearson_r_mean": 0.9209801422225105,
      "pearson_r_std": 0.018823779672357186,
      "r2_mean": 0.8459906776746114,
      "r2_std": 0.0340867022849343
    },
    {
      "n_input_channels": 5,
      "channel": "C6",
      "rmse_mean": 3.3545685874091253,
      "rmse_std": 0.7899103252396802,
      "mae_mean": 2.6288320355945163,
      "mae_std": 0.6076591844138348,
      "pearson_r_mean": 0.941404746638404,
      "pearson_r_std": 0.016396338003977214,
      "r2_mean": 0.8825054036246406,
      "r2_std": 0.03342814419817266
    },
    {
      "n_input_channels": 5,
      "channel": "CP1",
      "rmse_mean": 2.054114686118232,
      "rmse_std": 0.40877688851257177,
      "mae_mean": 1.6343560881084866,
      "mae_std": 0.30974307233046317,
      "pearson_r_mean": 0.980125003390842,
      "pearson_r_std": 0.00554299499793253,
      "r2_mean": 0.9600963128937615,
      "r2_std": 0.011144345510214827
    },
    {
      "n_input_channels": 5,
      "channel": "CP2",
      "rmse_mean": 1.7472434706158109,
      "rmse_std": 0.41455053256818,
      "mae_mean": 1.3753194875187345,
      "mae_std": 0.3146162778654156,
      "pearson_r_mean": 0.9869947168562148,
      "pearson_r_std": 0.002849449798547977,
      "r2_mean": 0.9737951159477234,
      "r2_std": 0.005551065792143684
    },
    {
      "n_input_channels": 5,
      "channel": "CP3",
      "rmse_mean": 2.3531660238901773,
      "rmse_std": 0.9218163624072189,
      "mae_mean": 1.8390235635969374,
      "mae_std": 0.6909007305137598,
      "pearson_r_mean": 0.972320192390018,
      "pearson_r_std": 0.012827014020315124,
      "r2_mean": 0.9450203842586942,
      "r2_std": 0.024878435893791538
    },
    {
      "n_input_channels": 5,
      "channel": "CP4",
      "rmse_mean": 2.347865011956957,
      "rmse_std": 0.7828229756864064,
      "mae_mean": 1.836651126543681,
      "mae_std": 0.5882416310525943,
      "pearson_r_mean": 0.9769790569941202,
      "pearson_r_std": 0.006233720905479126,
      "r2_mean": 0.9536701838175455,
      "r2_std": 0.012516337216874085
    },
    {
      "n_input_channels": 5,
      "channel": "CPz",
      "rmse_mean": 2.146382464302911,
      "rmse_std": 0.52124394595432,
      "mae_mean": 1.6994194587071736,
      "mae_std": 0.40859061208281344,
      "pearson_r_mean": 0.9802599085701836,
      "pearson_r_std": 0.006665722579430957,
      "r2_mean": 0.96026701397366,
      "r2_std": 0.013143963918119572
    },
    {
      "n_input_channels": 5,
      "channel": "Cz",
      "rmse_mean": 3.2549867894914417,
      "rmse_std": 0.9691461216025951,
      "mae_mean": 2.5689849058787027,
      "mae_std": 0.7589277519802526,
      "pearson_r_mean": 0.9570337732632955,
      "pearson_r_std": 0.01506212026954639,
      "r2_mean": 0.9148432281282213,
      "r2_std": 0.02812455072751183
    },
    {
      "n_input_channels": 5,
      "channel": "FC1",
      "rmse_mean": 2.284492678112454,
      "rmse_std": 0.4808491560868853,
      "mae_mean": 1.7889987892574735,
      "mae_std": 0.37462641598095825,
      "pearson_r_mean": 0.9769991106457181,
      "pearson_r_std": 0.0056747468100657944,
      "r2_mean": 0.9539203974935744,
      "r2_std": 0.010723250312250071
    },
    {
      "n_input_channels": 5,
      "channel": "FC2",
      "rmse_mean": 2.431562728352017,
      "rmse_std": 0.4882273679928005,
      "mae_mean": 1.908482101228502,
      "mae_std": 0.38950768759809784,
      "pearson_r_mean": 0.9744680258962843,
      "pearson_r_std": 0.009968049034078766,
      "r2_mean": 0.9489858481619093,
      "r2_std": 0.01931810572458515
    },
    {
      "n_input_channels": 5,
      "channel": "FC3",
      "rmse_mean": 2.323978794945611,
      "rmse_std": 0.5277798319011104,
      "mae_mean": 1.8149450884924994,
      "mae_std": 0.4091096377884164,
      "pearson_r_mean": 0.972735669877794,
      "pearson_r_std": 0.006988698059046826,
      "r2_mean": 0.9456712139977349,
      "r2_std": 0.013813227077603766
    },
    {
      "n_input_channels": 5,
      "channel": "FC4",
      "rmse_mean": 2.3834572235743203,
      "rmse_std": 0.5809362372956416,
      "mae_mean": 1.8724285231696234,
      "mae_std": 0.45323023012886987,
      "pearson_r_mean": 0.9747294320000542,
      "pearson_r_std": 0.007591597058756981,