{
  "rows": 27,
  "splits": 9,
  "method": "spherical_spline_interpolation",
  "mean_metrics": [
    {
      "n_input_channels": 5,
      "rmse": 3.1118202407944193,
      "mae": 2.316604355126794,
      "pearson_r": 0.9579380529428918,
      "r2": 0.9139042601244819
    },
    {
      "n_input_channels": 10,
      "rmse": 2.3819666910875346,
      "mae": 1.7460565982966147,
      "pearson_r": 0.9746604280427962,
      "r2": 0.9484481193070169
    },
    {
      "n_input_channels": 15,
      "rmse": 3.3044593568191525,
      "mae": 2.3790021715240823,
      "pearson_r": 0.9516281261375072,
      "r2": 0.8976152343048727
    }
  ]
}