{
  "rows": 27,
  "splits": 9,
  "method": "deep_autoencoder",
  "device": "cpu",
  "mean_metrics": [
    {
      "n_input_channels": 5,
      "rmse": 2.5106515487035117,
      "mae": 1.9215997325049505,
      "pearson_r": 0.9713646438386705,
      "r2": 0.9433776841292804
    },
    {
      "n_input_channels": 10,
      "rmse": 1.996678696738349,
      "mae": 1.4921207427978516,
      "pearson_r": 0.9816213647524515,
      "r2": 0.9634055365402365
    },
    {
      "n_input_channels": 15,
      "rmse": 2.2938923703299627,
      "mae": 1.6845072640313044,
      "pearson_r": 0.9758305218484666,
      "r2": 0.9517596897664775
    }
  ]
}