{
  "rows": 27,
  "splits": 9,
  "method": "distance_weighted_interpolation",
  "mean_metrics": [
    {
      "n_input_channels": 5,
      "rmse": 3.5321163336435952,
      "mae": 2.721589552031623,
      "pearson_r": 0.9437551763322618,
      "r2": 0.8893116447283984
    },
    {
      "n_input_channels": 10,
      "rmse": 3.3412587642669678,
      "mae": 2.557941714922587,
      "pearson_r": 0.9494710432158576,
      "r2": 0.9002950375475758
    },
    {
      "n_input_channels": 15,
      "rmse": 4.602762990527683,
      "mae": 3.4606005350748696,
      "pearson_r": 0.9009248548083835,
      "r2": 0.8089771555788963
    }
  ]
}