{
  "method": "bem_dipole_model",
  "rows": 27,
  "splits": 9,
  "inverse_method": "MNE",
  "lambda2": 1.0,
  "ad_hoc_noise_std": 1e-06,
  "bem_conductivity": [
    0.33,
    0.0132,
    0.33
  ],
  "bem_ico": 3,
  "source_spacing": "oct4",
  "forward_solution": "C:\\Users\\unnat\\Documents\\GitHub\\EEGFeatureExtraction\\new_repository\\Processed_BCI_Competition_Data\\bem_forward_22ch-fwd.fif",
  "channel_sets": {
    "5": [
      "Fz",
      "C3",
      "C4",
      "Pz",
      "POz"
    ],
    "10": [
      "Fz",
      "FC3",
      "FC4",
      "C3",
      "Cz",
      "C4",
      "CP3",
      "CP4",
      "Pz",
      "POz"
    ],
    "15": [
      "Fz",
      "FC3",
      "FC1",
      "FC2",
      "FC4",
      "C3",
      "C1",
      "Cz",
      "C2",
      "C4",
      "CP3",
      "CP1",
      "CP2",
      "CP4",
      "Pz"
    ]
  },
  "mean_metrics_by_channel_count": [
    {
      "n_input_channels": 5,
      "rmse_mean": 10.412669941260104,
      "rmse_std": 1.4870222319531932,
      "mae_mean": 8.139839489682094,
      "mae_std": 1.167140663125305,
      "pearson_r_mean": -0.010368371543054875,
      "pearson_r_std": 0.010100534578548991,
      "r2_mean": -0.0016657343246929814,
      "r2_std": 0.001272142014994995,
      "band_rmse_delta_mean": 29.536698400463106,
      "band_rmse_delta_std": 9.214696469941273,
      "band_rmse_theta_mean": 13.959886108079754,
      "band_rmse_theta_std": 6.431022027155388,
      "band_rmse_alpha_mean": 20.94751809972602,
      "band_rmse_alpha_std": 17.542063452698077,
      "band_rmse_beta_mean": 13.64044711146332,
      "band_rmse_beta_std": 4.901806496687668,
      "band_rmse_gamma_mean": 3.6799214076398608,
      "band_rmse_gamma_std": 2.9638500496290323
    },
    {
      "n_input_channels": 10,
      "rmse_mean": 10.413845864777851,
      "rmse_std": 1.4706818610077583,
      "mae_mean": 8.139036329857952,
      "mae_std": 1.152749583409955,
      "pearson_r_mean": -0.00877419310267153,
      "pearson_r_std": 0.01658418210448225,
      "r2_mean": -0.0015038370706448065,
      "r2_std": 0.0007881154231454205,
      "band_rmse_delta_mean": 29.711443910662915,
      "band_rmse_delta_std": 9.10705413196026,
      "band_rmse_theta_mean": 13.975900628770328,
      "band_rmse_theta_std": 6.414187431803957,
      "band_rmse_alpha_mean": 20.905351858248938,
      "band_rmse_alpha_std": 17.339110052605488,
      "band_rmse_beta_mean": 13.497424463659405,
      "band_rmse_beta_std": 4.852739718709291,
      "band_rmse_gamma_mean": 3.6635572801499543,
      "band_rmse_gamma_std": 2.982984377950573
    },
    {
      "n_input_channels": 15,
      "rmse_mean": 10.338341682434978,
      "rmse_std": 1.6116894628711635,
      "mae_mean": 8.048317214993554,
      "mae_std": 1.2427173567205616,
      "pearson_r_mean": -0.012172283254791397,
      "pearson_r_std": 0.016404608570994607,
      "r2_mean": -0.002007322592748828,
      "r2_std": 0.0010329959688663924,
      "band_rmse_delta_mean": 28.667303833751173,
      "band_rmse_delta_std": 8.775842004840644,
      "band_rmse_theta_mean": 12.649965488021492,
      "band_rmse_theta_std": 6.090420417691086,
      "band_rmse_alpha_mean": 23.65614834730299,
      "band_rmse_alpha_std": 22.10532411322269,
      "band_rmse_beta_mean": 13.485523624678784,
      "band_rmse_beta_std": 4.6142738084689805,
      "band_rmse_gamma_mean": 3.70754055749358,
      "band_rmse_gamma_std": 3.0366592963118726
    }
  ]
}