{
  "method": "bem_dipole_model",
  "total_rows": 351,
  "overall_rows": 27,
  "per_channel_rows": 324,
  "mean_metrics_by_channel_count": [
    {
      "n_input_channels": 5,
      "rmse_mean": 9.92663341581415,
      "rmse_std": 1.3353030200360703,
      "mae_mean": 7.758318815476888,
      "mae_std": 1.0465596202736178,
      "pearson_r_mean": 0.34951480027477877,
      "pearson_r_std": 0.04903642880053966,
      "r2_mean": 0.08762057824919128,
      "r2_std": 0.024777948822441213,
      "band_rmse_delta_mean": 28.85905967587376,
      "band_rmse_delta_std": 8.94911537249451,
      "band_rmse_theta_mean": 13.60876228778755,
      "band_rmse_theta_std": 6.242910771865952,
      "band_rmse_alpha_mean": 19.98439498971515,
      "band_rmse_alpha_std": 16.549921452896214,
      "band_rmse_beta_mean": 13.210343772758698,
      "band_rmse_beta_std": 4.852221746332916,
      "band_rmse_gamma_mean": 3.618476590816287,
      "band_rmse_gamma_std": 2.9720005730152748
    },
    {
      "n_input_channels": 10,
      "rmse_mean": 9.696122256947776,
      "rmse_std": 1.2699810197518675,
      "mae_mean": 7.574507983789628,
      "mae_std": 0.9935722654688227,
      "pearson_r_mean": 0.43093623321284746,
      "pearson_r_std": 0.04534347494838836,
      "r2_mean": 0.12931231097138354,
      "r2_std": 0.03169009414839724,
      "band_rmse_delta_mean": 28.781908117233034,
      "band_rmse_delta_std": 8.759142895753113,
      "band_rmse_theta_mean": 13.47029435551942,
      "band_rmse_theta_std": 6.1539936988388675,
      "band_rmse_alpha_mean": 19.586437041848278,
      "band_rmse_alpha_std": 15.960207318886743,
      "band_rmse_beta_mean": 12.903967059663916,
      "band_rmse_beta_std": 4.766712452268665,
      "band_rmse_gamma_mean": 3.577872555778437,
      "band_rmse_gamma_std": 2.9903930944406025
    },
    {
      "n_input_channels": 15,
      "rmse_mean": 9.449887884089616,
      "rmse_std": 1.303183719697962,
      "mae_mean": 7.362959068587961,
      "mae_std": 1.008423694705546,
      "pearson_r_mean": 0.46557838147604014,
      "pearson_r_std": 0.07609936679911807,
      "r2_mean": 0.15808778208360894,
      "r2_std": 0.05053966056853595,
      "band_rmse_delta_mean": 27.49757197943266,
      "band_rmse_delta_std": 8.290693866285096,
      "band_rmse_theta_mean": 12.037745835181584,
      "band_rmse_theta_std": 5.75938031543346,
      "band_rmse_alpha_mean": 21.987016704062075,
      "band_rmse_alpha_std": 20.336217022091066,
      "band_rmse_beta_mean": 12.76671098933732,
      "band_rmse_beta_std": 4.510921764740035,
      "band_rmse_gamma_mean": 3.6018876737733176,
      "band_rmse_gamma_std": 3.0463715752353435
    }
  ],
  "per_channel_metrics_mean": [
    {
      "n_input_channels": 5,
      "channel": "C1",
      "rmse_mean": 10.243673657738848,
      "rmse_std": 1.311392365964771,
      "mae_mean": 8.052442490523836,
      "mae_std": 1.0338466448019472,
      "pearson_r_mean": 0.1860436713357608,
      "pearson_r_std": 0.10364653636388556,
      "r2_mean": 0.029603174204615397,
      "r2_std": 0.02744773532490691
    },
    {
      "n_input_channels": 5,
      "channel": "C2",
      "rmse_mean": 10.327841592942638,
      "rmse_std": 1.3428423872474602,
      "mae_mean": 8.120507359935308,
      "mae_std": 1.066051323357046,
      "pearson_r_mean": 0.31576042999735277,
      "pearson_r_std": 0.09480500575352271,
      "r2_mean": 0.06424326628874358,
      "r2_std": 0.027737612806113806
    },
    {
      "n_input_channels": 5,
      "channel": "C5",
      "rmse_mean": 7.708949681532461,
      "rmse_std": 1.0846827334589417,
      "mae_mean": 6.0219268205301795,
      "mae_std": 0.8178913705409555,
      "pearson_r_mean": 0.3230618797968281,
      "pearson_r_std": 0.07217018709236978,
      "r2_mean": 0.09571234973241627,
      "r2_std": 0.044088599868212376
    },
    {
      "n_input_channels": 5,
      "channel": "C6",
      "rmse_mean": 8.84737365664434,
      "rmse_std": 1.3581590225935594,
      "mae_mean": 6.910421999227296,
      "mae_std": 1.0570051547868242,
      "pearson_r_mean": 0.5158786729161419,
      "pearson_r_std": 0.06566535624179264,
      "r2_mean": 0.16590417828599552,
      "r2_std": 0.05063598681411829
    },
    {
      "n_input_channels": 5,
      "channel": "CP1",
      "rmse_mean": 10.138107695656565,
      "rmse_std": 1.3177699688314206,
      "mae_mean": 7.950206345654213,
      "mae_std": 1.0293932996462634,
      "pearson_r_mean": 0.23699389660655823,
      "pearson_r_std": 0.09728703828126642,
      "r2_mean": 0.033757763601737385,
      "r2_std": 0.022128976905956173
    },
    {
      "n_input_channels": 5,
      "channel": "CP2",
      "rmse_mean": 10.27961439538046,
      "rmse_std": 1.4251822358628354,
      "mae_mean": 8.06170301290822,
      "mae_std": 1.1207566458387326,
      "pearson_r_mean": 0.43343432548356703,
      "pearson_r_std": 0.09418207414470747,
      "r2_mean": 0.06576933224075482,
      "r2_std": 0.022136866936651595
    },
    {
      "n_input_channels": 5,
      "channel": "CP3",
      "rmse_mean": 9.51447204760929,
      "rmse_std": 1.344263409870667,
      "mae_mean": 7.450595326740359,
      "mae_std": 1.043390725934685,
      "pearson_r_mean": 0.2884528142928079,
      "pearson_r_std": 0.10961853504709157,
      "r2_mean": 0.0641645326161958,
      "r2_std": 0.0420943797391807
    },
    {
      "n_input_channels": 5,
      "channel": "CP4",
      "rmse_mean": 9.97882106316792,
      "rmse_std": 1.6013262626102915,
      "mae_mean": 7.811873345052528,
      "mae_std": 1.259672129795073,
      "pearson_r_mean": 0.483828854750482,
      "pearson_r_std": 0.11451630116454677,
      "r2_mean": 0.11438799762629134,
      "r2_std": 0.04459202568592047
    },
    {
      "n_input_channels": 5,
      "channel": "CPz",
      "rmse_mean": 10.603175256507747,
      "rmse_std": 1.4281420140471566,
      "mae_mean": 8.326619937903558,
      "mae_std": 1.1227495436227017,
      "pearson_r_mean": 0.46289772415393443,
      "pearson_r_std": 0.06316309200415465,
      "r2_mean": 0.0366176149959213,
      "r2_std": 0.009982406295185283
    },
    {
      "n_input_channels": 5,
      "channel": "Cz",
      "rmse_mean": 10.899635491082243,
      "rmse_std": 1.4710082565577967,
      "mae_mean": 8.585269316223977,
      "mae_std": 1.1713510087427752,
      "pearson_r_mean": 0.21224417509363092,
      "pearson_r_std": 0.10400757158733077,
      "r2_mean": 0.029916521677250688,
      "r2_std": 0.020655108129124786
    },
    {
      "n_input_channels": 5,
      "channel": "FC1",
      "rmse_mean": 10.049056746346235,
      "rmse_std": 1.3067664334741051,
      "mae_mean": 7.886613594679515,
      "mae_std": 1.0329809402937309,
      "pearson_r_mean": 0.32796779673768417,
      "pearson_r_std": 0.0908314398117099,
      "r2_mean": 0.09159888460390964,
      "r2_std": 0.03683585303284331
    },
    {
      "n_input_channels": 5,
      "channel": "FC2",
      "rmse_mean": 10.176945454261364,
      "rmse_std": 1.3332892243470391,
      "mae_mean": 7.990742046880423,
      "mae_std": 1.0607390487886716,
      "pearson_r_mean": 0.39113034541472946,
      "pearson_r_std": 0.08691301893101647,
      "r2_mean": 0.11763664002167808,
      "r2_std": 0.037885633414438825
    },
    {
      "n_input_channels": 5,
      "channel": "FC3",
      "rmse_mean": 9.26160188524693,
      "rmse_std": 1.2099050396144135,
      "mae_mean": 7.24723473870138,
      "mae_std": 0.9377486776716278,
      "pearson_r_mean": 0.3558421328389603,
      "pearson_r_std": 0.08209212501581865,
      "r2_mean": 0.11134659581850014,
      "r2_std": 0.038540310489571857
    },
    {
      "n_input_channels": 5,
      "channel": "FC4",
      "rmse_mean": 9.651161579602878,
      "rmse_std": 1.3020342839946788,
      "mae_mean": 7.5494447186322775,
      "mae_std": 1.0377810797351055,
      "pearson_r_mean": 0.45017913286804734,
      "pearson_r_std": 0.08396047822145065,
      "r2_mean": 0.15072603274449994,