{
  "method": "spherical_spline",
  "rows": 27,
  "splits": 9,
  "channel_sets": {
    "5": [
      "Fz",
      "C3",
      "C4",
      "Pz",
      "POz"
    ],
    "10": [
      "Fz",
      "FC3",
      "FC4",
      "C3",
      "Cz",
      "C4",
      "CP3",
      "CP4",
      "Pz",
      "POz"
    ],
    "15": [
      "Fz",
      "FC3",
      "FC1",
      "FC2",
      "FC4",
      "C3",
      "C1",
      "Cz",
      "C2",
      "C4",
      "CP3",
      "CP1",
      "CP2",
      "CP4",
      "Pz"
    ]
  },
  "mean_metrics_by_channel_count": [
    {
      "n_input_channels": 5,
      "rmse_mean": 3.1118202407944193,
      "rmse_std": 0.9163573549454088,
      "mae_mean": 2.316604355126794,
      "mae_std": 0.6551396895393183,
      "pearson_r_mean": 0.9579380529428918,
      "pearson_r_std": 0.011050163261688074,
      "r2_mean": 0.9139042601244819,
      "r2_std": 0.024469381499481857,
      "band_rmse_delta_mean": 1.9372937625891744,
      "band_rmse_delta_std": 0.985318684853635,
      "band_rmse_theta_mean": 1.3746256630785685,
      "band_rmse_theta_std": 0.9546540814140763,
      "band_rmse_alpha_mean": 6.180662537548958,
      "band_rmse_alpha_std": 8.398427496134195,
      "band_rmse_beta_mean": 1.7188246360656045,
      "band_rmse_beta_std": 1.3659475350331756,
      "band_rmse_gamma_mean": 0.31984819454783664,
      "band_rmse_gamma_std": 0.22160815123965985
    },
    {
      "n_input_channels": 10,
      "rmse_mean": 2.3819666910875346,
      "rmse_std": 0.4366497899503865,
      "mae_mean": 1.7460565982966147,
      "mae_std": 0.2769623218998118,
      "pearson_r_mean": 0.9746604280427962,
      "pearson_r_std": 0.004419870959181248,
      "r2_mean": 0.9484481193070169,
      "r2_std": 0.008904410384509483,
      "band_rmse_delta_mean": 2.0162309494882558,
      "band_rmse_delta_std": 1.3403091640388942,
      "band_rmse_theta_mean": 1.331538028538965,
      "band_rmse_theta_std": 1.1257963131350237,
      "band_rmse_alpha_mean": 3.693569639773973,
      "band_rmse_alpha_std": 4.983986136953311,
      "band_rmse_beta_mean": 1.0126911086339137,
      "band_rmse_beta_std": 0.726600575129734,
      "band_rmse_gamma_mean": 0.25147573322978106,
      "band_rmse_gamma_std": 0.1887840137764883
    },
    {
      "n_input_channels": 15,
      "rmse_mean": 3.3044593568191525,
      "rmse_std": 0.47679173335237207,
      "mae_mean": 2.3790021715240823,
      "mae_std": 0.3240609039553868,
      "pearson_r_mean": 0.9516281261375072,
      "pearson_r_std": 0.008932518972704386,
      "r2_mean": 0.8976152343048727,
      "r2_std": 0.018759464052238266,
      "band_rmse_delta_mean": 2.8813347488569936,
      "band_rmse_delta_std": 1.5065445669072,
      "band_rmse_theta_mean": 1.845045353024746,
      "band_rmse_theta_std": 1.6402731841702964,
      "band_rmse_alpha_mean": 5.574268446380798,
      "band_rmse_alpha_std": 6.922570083796324,
      "band_rmse_beta_mean": 2.072563727611064,
      "band_rmse_beta_std": 1.2269572218718943,
      "band_rmse_gamma_mean": 0.5177996097186388,
      "band_rmse_gamma_std": 0.23511427031054333
    }
  ]
}