{
  "method": "spherical_spline",
  "total_rows": 351,
  "overall_rows": 27,
  "per_channel_rows": 324,
  "mean_metrics_by_channel_count": [
    {
      "n_input_channels": 5,
      "rmse_mean": 3.1118202407944193,
      "rmse_std": 0.9163573549454088,
      "mae_mean": 2.316604355126794,
      "mae_std": 0.6551396895393183,
      "pearson_r_mean": 0.9579380529428918,
      "pearson_r_std": 0.011050163261688074,
      "r2_mean": 0.9139042601244819,
      "r2_std": 0.024469381499481857,
      "band_rmse_delta_mean": 1.9372937625891744,
      "band_rmse_delta_std": 0.985318684853635,
      "band_rmse_theta_mean": 1.3746256630785685,
      "band_rmse_theta_std": 0.9546540814140763,
      "band_rmse_alpha_mean": 6.180662537548958,
      "band_rmse_alpha_std": 8.398427496134195,
      "band_rmse_beta_mean": 1.7188246360656045,
      "band_rmse_beta_std": 1.3659475350331756,
      "band_rmse_gamma_mean": 0.31984819454783664,
      "band_rmse_gamma_std": 0.22160815123965985
    },
    {
      "n_input_channels": 10,
      "rmse_mean": 2.3819666910875346,
      "rmse_std": 0.4366497899503865,
      "mae_mean": 1.7460565982966147,
      "mae_std": 0.2769623218998118,
      "pearson_r_mean": 0.9746604280427962,
      "pearson_r_std": 0.004419870959181248,
      "r2_mean": 0.9484481193070169,
      "r2_std": 0.008904410384509483,
      "band_rmse_delta_mean": 2.0162309494882558,
      "band_rmse_delta_std": 1.3403091640388942,
      "band_rmse_theta_mean": 1.331538028538965,
      "band_rmse_theta_std": 1.1257963131350237,
      "band_rmse_alpha_mean": 3.693569639773973,
      "band_rmse_alpha_std": 4.983986136953311,
      "band_rmse_beta_mean": 1.0126911086339137,
      "band_rmse_beta_std": 0.726600575129734,
      "band_rmse_gamma_mean": 0.25147573322978106,
      "band_rmse_gamma_std": 0.1887840137764883
    },
    {
      "n_input_channels": 15,
      "rmse_mean": 3.3044593568191525,
      "rmse_std": 0.47679173335237207,
      "mae_mean": 2.3790021715240823,
      "mae_std": 0.3240609039553868,
      "pearson_r_mean": 0.9516281261375072,
      "pearson_r_std": 0.008932518972704386,
      "r2_mean": 0.8976152343048727,
      "r2_std": 0.018759464052238266,
      "band_rmse_delta_mean": 2.8813347488569936,
      "band_rmse_delta_std": 1.5065445669072,
      "band_rmse_theta_mean": 1.845045353024746,
      "band_rmse_theta_std": 1.6402731841702964,
      "band_rmse_alpha_mean": 5.574268446380798,
      "band_rmse_alpha_std": 6.922570083796324,
      "band_rmse_beta_mean": 2.072563727611064,
      "band_rmse_beta_std": 1.2269572218718943,
      "band_rmse_gamma_mean": 0.5177996097186388,
      "band_rmse_gamma_std": 0.23511427031054333
    }
  ],
  "per_channel_metrics_mean": [
    {
      "n_input_channels": 5,
      "channel": "C1",
      "rmse_mean": 2.908147448782157,
      "rmse_std": 0.7639435492351524,
      "mae_mean": 2.2959677061451327,
      "mae_std": 0.5912128942979124,
      "pearson_r_mean": 0.9628885730707483,
      "pearson_r_std": 0.010561125630816126,
      "r2_mean": 0.9229375840037086,
      "r2_std": 0.02319209027666658
    },
    {
      "n_input_channels": 5,
      "channel": "C2",
      "rmse_mean": 2.9266791159104506,
      "rmse_std": 0.8245364885150223,
      "mae_mean": 2.3071544759351164,
      "mae_std": 0.6286776660657805,
      "pearson_r_mean": 0.9656262883571364,
      "pearson_r_std": 0.009791586312913124,
      "r2_mean": 0.9267626643620566,
      "r2_std": 0.021960933703993532
    },
    {
      "n_input_channels": 5,
      "channel": "C5",
      "rmse_mean": 5.248113787081163,
      "rmse_std": 1.6130401074793967,
      "mae_mean": 4.120373422198848,
      "mae_std": 1.2291171189836247,
      "pearson_r_mean": 0.846242806963839,
      "pearson_r_std": 0.028010573398449826,
      "r2_mean": 0.6150558811244812,
      "r2_std": 0.14601522888354776
    },
    {
      "n_input_channels": 5,
      "channel": "C6",
      "rmse_mean": 5.058686149412718,
      "rmse_std": 1.6294412339434245,
      "mae_mean": 3.9937308840386794,
      "mae_std": 1.2519333778512207,
      "pearson_r_mean": 0.8854053171396244,
      "pearson_r_std": 0.02739034905124846,
      "r2_mean": 0.7347374260945083,
      "r2_std": 0.10085417554349549
    },
    {
      "n_input_channels": 5,
      "channel": "CP1",
      "rmse_mean": 2.182872640707418,
      "rmse_std": 0.46054746474063785,
      "mae_mean": 1.733623037132737,
      "mae_std": 0.35003776562053224,
      "pearson_r_mean": 0.97824272010249,
      "pearson_r_std": 0.006596500862290292,
      "r2_mean": 0.9550752246231418,
      "r2_std": 0.014107422563478057
    },
    {
      "n_input_channels": 5,
      "channel": "CP2",
      "rmse_mean": 1.9886571501040418,
      "rmse_std": 0.5287847609526584,
      "mae_mean": 1.561827482495811,
      "mae_std": 0.4017765016374493,
      "pearson_r_mean": 0.9837857476161526,
      "pearson_r_std": 0.00470077282353819,
      "r2_mean": 0.9658958482657187,
      "r2_std": 0.01029264451168221
    },
    {
      "n_input_channels": 5,
      "channel": "CP3",
      "rmse_mean": 2.4231797742575267,
      "rmse_std": 0.9722212291889438,
      "mae_mean": 1.896099122619843,
      "mae_std": 0.7371080876755951,
      "pearson_r_mean": 0.9703263372919175,
      "pearson_r_std": 0.014457190828776365,
      "r2_mean": 0.9415570688915484,
      "r2_std": 0.027899429319765575
    },
    {
      "n_input_channels": 5,
      "channel": "CP4",
      "rmse_mean": 2.368141418025676,
      "rmse_std": 0.7730430235797487,
      "mae_mean": 1.8533199368830406,
      "mae_std": 0.5873873586201828,
      "pearson_r_mean": 0.9763192975735561,
      "pearson_r_std": 0.005798653521128791,
      "r2_mean": 0.9529824754637565,
      "r2_std": 0.011521999490496029
    },
    {
      "n_input_channels": 5,
      "channel": "CPz",
      "rmse_mean": 2.4173015357083703,
      "rmse_std": 0.5565561487527679,
      "mae_mean": 1.9126302642050952,
      "mae_std": 0.4329025269772033,
      "pearson_r_mean": 0.9758354295409101,
      "pearson_r_std": 0.008921334931318182,
      "r2_mean": 0.9490466176167947,
      "r2_std": 0.01918841917451301
    },
    {
      "n_input_channels": 5,
      "channel": "Cz",
      "rmse_mean": 3.898452679165618,
      "rmse_std": 1.2340985672034734,
      "mae_mean": 3.068450952015258,
      "mae_std": 0.9528803990054188,
      "pearson_r_mean": 0.9407996189150977,
      "pearson_r_std": 0.021532484415945845,
      "r2_mean": 0.877576164466243,
      "r2_std": 0.04614884468026931
    },
    {
      "n_input_channels": 5,
      "channel": "FC1",
      "rmse_mean": 2.7286294164798193,
      "rmse_std": 0.771770066552135,
      "mae_mean": 2.149822244176572,
      "mae_std": 0.6009833984756382,
      "pearson_r_mean": 0.9674952911273533,
      "pearson_r_std": 0.010726185115113869,
      "r2_mean": 0.935069209954256,
      "r2_std": 0.02143782121731278
    },
    {
      "n_input_channels": 5,
      "channel": "FC2",
      "rmse_mean": 2.8751720319940315,
      "rmse_std": 0.7858253994197223,
      "mae_mean": 2.26130018049731,
      "mae_std": 0.6124321319540581,
      "pearson_r_mean": 0.9657731262268724,
      "pearson_r_std": 0.011488984086475602,
      "r2_mean": 0.9311370636195656,
      "r2_std": 0.02287768458993972
    },
    {
      "n_input_channels": 5,
      "channel": "FC3",
      "rmse_mean": 2.710849063889068,
      "rmse_std": 0.9354839591395774,
      "mae_mean": 2.109200264510435,
      "mae_std": 0.7020406586789344,
      "pearson_r_mean": 0.9640495843229103,
      "pearson_r_std": 0.014268206384207848,
      "r2_mean": 0.9263437003689943,
      "r2_std": 0.03437295391146138
    },
    {
      "n_input_channels": 5,
      "channel": "FC4",
      "rmse_mean": 2.8066487360611068,
      "rmse_std": 1.0922601803122995,
      "mae_mean": 2.189262881162172,
      "mae_std": 0.8227823143915581,
      "pearson_r_mean": 0.966729539110224,
      "pearson_r_std": 0.01468271217783491,
      "r2_mean": 0.9311375153675662,