{
  "rows": 27,
  "splits": 9,
  "method": "transformer_encoder",
  "device": "cpu",
  "mean_metrics": [
    {
      "n_input_channels": 5,
      "rmse": 4.537472910351223,
      "mae": 3.4840409490797253,
      "pearson_r": 0.9049536519580417,
      "r2": 0.8173843560426347
    },
    {
      "n_input_channels": 10,
      "rmse": 4.2874289353688555,
      "mae": 3.279094934463501,
      "pearson_r": 0.9145863056182861,
      "r2": 0.8362659883892641
    },
    {
      "n_input_channels": 15,
      "rmse": 5.376602093378703,
      "mae": 4.112894323137072,
      "pearson_r": 0.8608330488204956,
      "r2": 0.7384854025776968
    }
  ]
}