{
  "method": "learned_bem_residual",
  "architecture": "mlp_resnet19",
  "total_rows": 351,
  "overall_rows": 27,
  "per_channel_rows": 324,
  "splits": 9,
  "device": "cuda",
  "lambda_fwd": 0.0,
  "lr": 0.001,
  "weight_decay": 1e-05,
  "batch_size": 512,
  "max_epochs": 50,
  "patience": 8,
  "channel_sets": {
    "5": [
      "Fz",
      "C3",
      "C4",
      "Pz",
      "POz"
    ],
    "10": [
      "Fz",
      "FC3",
      "FC4",
      "C3",
      "Cz",
      "C4",
      "CP3",
      "CP4",
      "Pz",
      "POz"
    ],
    "15": [
      "Fz",
      "FC3",
      "FC1",
      "FC2",
      "FC4",
      "C3",
      "C1",
      "Cz",
      "C2",
      "C4",
      "CP3",
      "CP1",
      "CP2",
      "CP4",
      "Pz"
    ]
  },
  "mean_metrics_by_channel_count": [
    {
      "n_input_channels": 5,
      "rmse_mean": 2.490843349032932,
      "rmse_std": 0.5619391370107479,
      "mae_mean": 1.905674695968628,
      "mae_std": 0.42998830605558863,
      "pearson_r_mean": 0.9718944761488173,
      "pearson_r_std": 0.00492498738137616,
      "r2_mean": 0.9444427777591096,
      "r2_std": 0.00949887973486159,
      "band_rmse_delta_mean": 2.169152123447672,
      "band_rmse_delta_std": 1.0168829853688242,
      "band_rmse_theta_mean": 1.4022869064096504,
      "band_rmse_theta_std": 0.7847817083856882,
      "band_rmse_alpha_mean": 2.6824101671425087,
      "band_rmse_alpha_std": 2.8972793064399074,
      "band_rmse_beta_mean": 1.4285251447307374,
      "band_rmse_beta_std": 0.8431653013218027,
      "band_rmse_gamma_mean": 0.6669457664563003,
      "band_rmse_gamma_std": 0.5824287857843531
    },
    {
      "n_input_channels": 10,
      "rmse_mean": 1.9545369413163927,
      "rmse_std": 0.32317369915322836,
      "mae_mean": 1.4586342440711126,
      "mae_std": 0.22574094453569307,
      "pearson_r_mean": 0.9823301633199056,
      "pearson_r_std": 0.0035646582275667914,
      "r2_mean": 0.9649275188579234,
      "r2_std": 0.007013916294663449,
      "band_rmse_delta_mean": 1.2084642120955933,
      "band_rmse_delta_std": 0.7214365270018098,
      "band_rmse_theta_mean": 0.8614452049088144,
      "band_rmse_theta_std": 0.6724348766963214,
      "band_rmse_alpha_mean": 1.8511437556306234,
      "band_rmse_alpha_std": 1.8275084379126167,
      "band_rmse_beta_mean": 1.1120152246251755,
      "band_rmse_beta_std": 0.674838747337518,
      "band_rmse_gamma_mean": 0.6559768490149769,
      "band_rmse_gamma_std": 0.5410637242425061
    },
    {
      "n_input_channels": 15,
      "rmse_mean": 2.224378228187561,
      "rmse_std": 0.4704770038949295,
      "mae_mean": 1.6339278883404202,
      "mae_std": 0.3356719868549085,
      "pearson_r_mean": 0.9771516786681281,
      "pearson_r_std": 0.0037563547557351983,
      "r2_mean": 0.9547082527130795,
      "r2_std": 0.007387658037364114,
      "band_rmse_delta_mean": 1.7678524204445873,
      "band_rmse_delta_std": 1.3089334861595212,
      "band_rmse_theta_mean": 0.8858115186110902,
      "band_rmse_theta_std": 0.8142617593533963,
      "band_rmse_alpha_mean": 2.965854330958623,
      "band_rmse_alpha_std": 3.8987307902396715,
      "band_rmse_beta_mean": 1.4198377371049302,
      "band_rmse_beta_std": 0.9384046684988339,
      "band_rmse_gamma_mean": 0.8420435846556298,
      "band_rmse_gamma_std": 0.7266922323957267
    }
  ],
  "per_channel_metrics_mean": [
    {
      "n_input_channels": 5,
      "channel": "C1",
      "rmse_mean": 2.3483253849877253,
      "rmse_std": 0.45101944240410063,
      "mae_mean": 1.8617450793584187,
      "mae_std": 0.35379130220840216,
      "pearson_r_mean": 0.9744489722781711,
      "pearson_r_std": 0.005695309039364422,
      "r2_mean": 0.9492158359951444,
      "r2_std": 0.011026350396826246
    },
    {
      "n_input_channels": 5,
      "channel": "C2",
      "rmse_mean": 2.2748330434163413,
      "rmse_std": 0.4689772817353882,
      "mae_mean": 1.8036347495185003,
      "mae_std": 0.3627382153916371,
      "pearson_r_mean": 0.9776275489065382,
      "pearson_r_std": 0.004586905929390275,
      "r2_mean": 0.9552751514646742,
      "r2_std": 0.008967866750394004
    },
    {
      "n_input_channels": 5,
      "channel": "C5",
      "rmse_mean": 3.303525447845459,
      "rmse_std": 0.6846394942135747,
      "mae_mean": 2.5406015846464367,
      "mae_std": 0.4964215479380969,
      "pearson_r_mean": 0.9214411112997267,
      "pearson_r_std": 0.018112743587581203,
      "r2_mean": 0.8470253282123141,
      "r2_std": 0.03255215005376442
    },
    {
      "n_input_channels": 5,
      "channel": "C6",
      "rmse_mean": 3.349183532926771,
      "rmse_std": 0.7698047663994675,
      "mae_mean": 2.6228469212849936,
      "mae_std": 0.5932843022571971,
      "pearson_r_mean": 0.9417689972453647,
      "pearson_r_std": 0.015455106902383607,
      "r2_mean": 0.8829194042417738,
      "r2_std": 0.03136983077345585
    },
    {
      "n_input_channels": 5,
      "channel": "CP1",
      "rmse_mean": 2.044605122672187,
      "rmse_std": 0.40936799323129797,
      "mae_mean": 1.6260273721483018,
      "mae_std": 0.31210860216680136,
      "pearson_r_mean": 0.9802480671140883,
      "pearson_r_std": 0.005588792776311294,
      "r2_mean": 0.9606107208463881,
      "r2_std": 0.011136880354481992
    },
    {
      "n_input_channels": 5,
      "channel": "CP2",
      "rmse_mean": 1.7344692415661283,
      "rmse_std": 0.40873626750130754,
      "mae_mean": 1.3655703994962904,
      "mae_std": 0.3139075627444082,
      "pearson_r_mean": 0.9870736797650655,
      "pearson_r_std": 0.0028057901954697917,
      "r2_mean": 0.9741633269521925,
      "r2_std": 0.0055474112487824655
    },
    {
      "n_input_channels": 5,
      "channel": "CP3",
      "rmse_mean": 2.3650321033265858,
      "rmse_std": 0.9417509502112823,
      "mae_mean": 1.8446847862667508,
      "mae_std": 0.7088473359197361,
      "pearson_r_mean": 0.972027493847741,
      "pearson_r_std": 0.013402404310204268,
      "r2_mean": 0.9446238345570035,
      "r2_std": 0.025910419413130752
    },
    {
      "n_input_channels": 5,
      "channel": "CP4",
      "rmse_mean": 2.329155100716485,
      "rmse_std": 0.7885812338135564,
      "mae_mean": 1.8180156813727484,
      "mae_std": 0.5938795876881586,
      "pearson_r_mean": 0.9773213399781121,
      "pearson_r_std": 0.006057383093635899,
      "r2_mean": 0.9545526438289218,
      "r2_std": 0.012336006762114752
    },
    {
      "n_input_channels": 5,
      "channel": "CPz",
      "rmse_mean": 2.1214336156845093,
      "rmse_std": 0.5285164085174667,
      "mae_mean": 1.6800365447998047,
      "mae_std": 0.4161445451898355,
      "pearson_r_mean": 0.9806709090868632,
      "pearson_r_std": 0.006375459945269863,
      "r2_mean": 0.9614071779780917,
      "r2_std": 0.012474989573479403
    },
    {
      "n_input_channels": 5,
      "channel": "Cz",
      "rmse_mean": 3.2245842615763345,
      "rmse_std": 0.9841051085070405,
      "mae_mean": 2.5444951587253146,
      "mae_std": 0.7691097870455283,
      "pearson_r_mean": 0.9577929973602295,
      "pearson_r_std": 0.015217069180085844,
      "r2_mean": 0.9167096416155497,
      "r2_std": 0.02846134558333528
    },
    {
      "n_input_channels": 5,
      "channel": "FC1",
      "rmse_mean": 2.27854757838779,
      "rmse_std": 0.4864317920866041,
      "mae_mean": 1.7917849355273776,
      "mae_std": 0.37606754652923685,
      "pearson_r_mean": 0.977182514137692,
      "pearson_r_std": 0.00557596068534072,
      "r2_mean": 0.9543375041749742,
      "r2_std": 0.01050841894395397
    },
    {
      "n_input_channels": 5,
      "channel": "FC2",
      "rmse_mean": 2.4221566120783486,
      "rmse_std": 0.5025575724851716,
      "mae_mean": 1.9055129024717543,
      "mae_std": 0.39585209505618285,
      "pearson_r_mean": 0.9746328194936117,
      "pearson_r_std": 0.00999057425481693,
      "r2_mean": 0.9495638675159879,
      "r2_std": 0.019304301247571452
    },
    {
      "n_input_channels": 5,
      "channel": "FC3",