{
  "method": "learned_bem_residual",
  "architecture": "mlp_resnet19",
  "rows": 27,
  "splits": 9,
  "device": "cuda",
  "lambda_fwd": 0.0,
  "lr": 0.001,
  "weight_decay": 1e-05,
  "batch_size": 512,
  "max_epochs": 50,
  "patience": 8,
  "channel_sets": {
    "5": [
      "Fz",
      "C3",
      "C4",
      "Pz",
      "POz"
    ],
    "10": [
      "Fz",
      "FC3",
      "FC4",
      "C3",
      "Cz",
      "C4",
      "CP3",
      "CP4",
      "Pz",
      "POz"
    ],
    "15": [
      "Fz",
      "FC3",
      "FC1",
      "FC2",
      "FC4",
      "C3",
      "C1",
      "Cz",
      "C2",
      "C4",
      "CP3",
      "CP1",
      "CP2",
      "CP4",
      "Pz"
    ]
  },
  "mean_metrics_by_channel_count": [
    {
      "n_input_channels": 5,
      "rmse_mean": 2.490843349032932,
      "rmse_std": 0.5619391370107479,
      "mae_mean": 1.905674695968628,
      "mae_std": 0.42998830605558863,
      "pearson_r_mean": 0.9718944761488173,
      "pearson_r_std": 0.00492498738137616,
      "r2_mean": 0.9444427777591096,
      "r2_std": 0.00949887973486159,
      "band_rmse_delta_mean": 2.169152123447672,
      "band_rmse_delta_std": 1.0168829853688242,
      "band_rmse_theta_mean": 1.4022869064096504,
      "band_rmse_theta_std": 0.7847817083856882,
      "band_rmse_alpha_mean": 2.6824101671425087,
      "band_rmse_alpha_std": 2.8972793064399074,
      "band_rmse_beta_mean": 1.4285251447307374,
      "band_rmse_beta_std": 0.8431653013218027,
      "band_rmse_gamma_mean": 0.6669457664563003,
      "band_rmse_gamma_std": 0.5824287857843531
    },
    {
      "n_input_channels": 10,
      "rmse_mean": 1.9545369413163927,
      "rmse_std": 0.32317369915322836,
      "mae_mean": 1.4586342440711126,
      "mae_std": 0.22574094453569307,
      "pearson_r_mean": 0.9823301633199056,
      "pearson_r_std": 0.0035646582275667914,
      "r2_mean": 0.9649275188579234,
      "r2_std": 0.007013916294663449,
      "band_rmse_delta_mean": 1.2084642120955933,
      "band_rmse_delta_std": 0.7214365270018098,
      "band_rmse_theta_mean": 0.8614452049088144,
      "band_rmse_theta_std": 0.6724348766963214,
      "band_rmse_alpha_mean": 1.8511437556306234,
      "band_rmse_alpha_std": 1.8275084379126167,
      "band_rmse_beta_mean": 1.1120152246251755,
      "band_rmse_beta_std": 0.674838747337518,
      "band_rmse_gamma_mean": 0.6559768490149769,
      "band_rmse_gamma_std": 0.5410637242425061
    },
    {
      "n_input_channels": 15,
      "rmse_mean": 2.224378228187561,
      "rmse_std": 0.4704770038949295,
      "mae_mean": 1.6339278883404202,
      "mae_std": 0.3356719868549085,
      "pearson_r_mean": 0.9771516786681281,
      "pearson_r_std": 0.0037563547557351983,
      "r2_mean": 0.9547082527130795,
      "r2_std": 0.007387658037364114,
      "band_rmse_delta_mean": 1.7678524204445873,
      "band_rmse_delta_std": 1.3089334861595212,
      "band_rmse_theta_mean": 0.8858115186110902,
      "band_rmse_theta_std": 0.8142617593533963,
      "band_rmse_alpha_mean": 2.965854330958623,
      "band_rmse_alpha_std": 3.8987307902396715,
      "band_rmse_beta_mean": 1.4198377371049302,
      "band_rmse_beta_std": 0.9384046684988339,
      "band_rmse_gamma_mean": 0.8420435846556298,
      "band_rmse_gamma_std": 0.7266922323957267
    }
  ]
}