{
  "rows": 27,
  "splits": 9,
  "method": "lstm",
  "device": "cpu",
  "mean_metrics": [
    {
      "n_input_channels": 5,
      "rmse": 2.682774384816488,
      "mae": 2.039982795715332,
      "pearson_r": 0.9676998456319174,
      "r2": 0.935981059636341
    },
    {
      "n_input_channels": 10,
      "rmse": 2.7585261397891574,
      "mae": 2.0552996397018433,
      "pearson_r": 0.9654784467485216,
      "r2": 0.9315144891488232
    },
    {
      "n_input_channels": 15,
      "rmse": 2.5977273649639554,
      "mae": 1.9276445309321086,
      "pearson_r": 0.9690444734361436,
      "r2": 0.93861369629077
    }
  ]
}