{
  "method": "distance_weighted",
  "rows": 27,
  "splits": 9,
  "channel_sets": {
    "5": [
      "Fz",
      "C3",
      "C4",
      "Pz",
      "POz"
    ],
    "10": [
      "Fz",
      "FC3",
      "FC4",
      "C3",
      "Cz",
      "C4",
      "CP3",
      "CP4",
      "Pz",
      "POz"
    ],
    "15": [
      "Fz",
      "FC3",
      "FC1",
      "FC2",
      "FC4",
      "C3",
      "C1",
      "Cz",
      "C2",
      "C4",
      "CP3",
      "CP1",
      "CP2",
      "CP4",
      "Pz"
    ]
  },
  "mean_metrics_by_channel_count": [
    {
      "n_input_channels": 5,
      "rmse_mean": 3.5321163336435952,
      "rmse_std": 0.9689770530670047,
      "mae_mean": 2.721589552031623,
      "mae_std": 0.7438133507255581,
      "pearson_r_mean": 0.9437551763322618,
      "pearson_r_std": 0.013555071281197843,
      "r2_mean": 0.8893116447283984,
      "r2_std": 0.025634667554936236,
      "band_rmse_delta_mean": 6.501690720740928,
      "band_rmse_delta_std": 2.36487300173185,
      "band_rmse_theta_mean": 4.205412420005837,
      "band_rmse_theta_std": 1.9583070602110264,
      "band_rmse_alpha_mean": 6.986830855349752,
      "band_rmse_alpha_std": 6.592125723461574,
      "band_rmse_beta_mean": 3.1010631527707755,
      "band_rmse_beta_std": 1.3010298499059296,
      "band_rmse_gamma_mean": 0.5744971946379543,
      "band_rmse_gamma_std": 0.22627076568413648
    },
    {
      "n_input_channels": 10,
      "rmse_mean": 3.3412587642669678,
      "rmse_std": 0.7966354438834141,
      "mae_mean": 2.557941714922587,
      "mae_std": 0.6126499480291094,
      "pearson_r_mean": 0.9494710432158576,
      "pearson_r_std": 0.009336262228762798,
      "r2_mean": 0.9002950375475758,
      "r2_std": 0.018386528877226704,
      "band_rmse_delta_mean": 6.249846909691197,
      "band_rmse_delta_std": 2.0760876884092148,
      "band_rmse_theta_mean": 3.8466576445331295,
      "band_rmse_theta_std": 1.8579271502229342,
      "band_rmse_alpha_mean": 7.596094829881029,
      "band_rmse_alpha_std": 7.322241266058297,
      "band_rmse_beta_mean": 2.7014604779517812,
      "band_rmse_beta_std": 1.159150732235652,
      "band_rmse_gamma_mean": 0.5323346154980131,
      "band_rmse_gamma_std": 0.20611508796250533
    },
    {
      "n_input_channels": 15,
      "rmse_mean": 4.602762990527683,
      "rmse_std": 1.2417266137248064,
      "mae_mean": 3.4606005350748696,
      "mae_std": 0.9163738925615255,
      "pearson_r_mean": 0.9009248548083835,
      "pearson_r_std": 0.021697557091700865,
      "r2_mean": 0.8089771555788963,
      "r2_std": 0.038136159862663284,
      "band_rmse_delta_mean": 6.392864681173422,
      "band_rmse_delta_std": 2.4212809822204804,
      "band_rmse_theta_mean": 3.4121603584798486,
      "band_rmse_theta_std": 1.7590011029529984,
      "band_rmse_alpha_mean": 10.976550636070531,
      "band_rmse_alpha_std": 13.606208568579266,
      "band_rmse_beta_mean": 2.4170020796551954,
      "band_rmse_beta_std": 1.1788577219224419,
      "band_rmse_gamma_mean": 0.6132213738864833,
      "band_rmse_gamma_std": 0.263398059484757
    }
  ]
}