{
  "method": "distance_weighted",
  "total_rows": 351,
  "overall_rows": 27,
  "per_channel_rows": 324,
  "mean_metrics_by_channel_count": [
    {
      "n_input_channels": 5,
      "rmse_mean": 3.5321163336435952,
      "rmse_std": 0.9689770530670047,
      "mae_mean": 2.721589552031623,
      "mae_std": 0.7438133507255581,
      "pearson_r_mean": 0.9437551763322618,
      "pearson_r_std": 0.013555071281197843,
      "r2_mean": 0.8893116447283984,
      "r2_std": 0.025634667554936236,
      "band_rmse_delta_mean": 6.501690720740928,
      "band_rmse_delta_std": 2.36487300173185,
      "band_rmse_theta_mean": 4.205412420005837,
      "band_rmse_theta_std": 1.9583070602110264,
      "band_rmse_alpha_mean": 6.986830855349752,
      "band_rmse_alpha_std": 6.592125723461574,
      "band_rmse_beta_mean": 3.1010631527707755,
      "band_rmse_beta_std": 1.3010298499059296,
      "band_rmse_gamma_mean": 0.5744971946379543,
      "band_rmse_gamma_std": 0.22627076568413648
    },
    {
      "n_input_channels": 10,
      "rmse_mean": 3.3412587642669678,
      "rmse_std": 0.7966354438834141,
      "mae_mean": 2.557941714922587,
      "mae_std": 0.6126499480291094,
      "pearson_r_mean": 0.9494710432158576,
      "pearson_r_std": 0.009336262228762798,
      "r2_mean": 0.9002950375475758,
      "r2_std": 0.018386528877226704,
      "band_rmse_delta_mean": 6.249846909691197,
      "band_rmse_delta_std": 2.0760876884092148,
      "band_rmse_theta_mean": 3.8466576445331295,
      "band_rmse_theta_std": 1.8579271502229342,
      "band_rmse_alpha_mean": 7.596094829881029,
      "band_rmse_alpha_std": 7.322241266058297,
      "band_rmse_beta_mean": 2.7014604779517812,
      "band_rmse_beta_std": 1.159150732235652,
      "band_rmse_gamma_mean": 0.5323346154980131,
      "band_rmse_gamma_std": 0.20611508796250533
    },
    {
      "n_input_channels": 15,
      "rmse_mean": 4.602762990527683,
      "rmse_std": 1.2417266137248064,
      "mae_mean": 3.4606005350748696,
      "mae_std": 0.9163738925615255,
      "pearson_r_mean": 0.9009248548083835,
      "pearson_r_std": 0.021697557091700865,
      "r2_mean": 0.8089771555788963,
      "r2_std": 0.038136159862663284,
      "band_rmse_delta_mean": 6.392864681173422,
      "band_rmse_delta_std": 2.4212809822204804,
      "band_rmse_theta_mean": 3.4121603584798486,
      "band_rmse_theta_std": 1.7590011029529984,
      "band_rmse_alpha_mean": 10.976550636070531,
      "band_rmse_alpha_std": 13.606208568579266,
      "band_rmse_beta_mean": 2.4170020796551954,
      "band_rmse_beta_std": 1.1788577219224419,
      "band_rmse_gamma_mean": 0.6132213738864833,
      "band_rmse_gamma_std": 0.263398059484757
    }
  ],
  "per_channel_metrics_mean": [
    {
      "n_input_channels": 5,
      "channel": "C1",
      "rmse_mean": 3.0313788255055747,
      "rmse_std": 0.7296691287196277,
      "mae_mean": 2.405438913239373,
      "mae_std": 0.5664784770137735,
      "pearson_r_mean": 0.9604872531361051,
      "pearson_r_std": 0.009481063661569476,
      "r2_mean": 0.9169754915767245,
      "r2_std": 0.017887003343456394
    },
    {
      "n_input_channels": 5,
      "channel": "C2",
      "rmse_mean": 2.9419249958462186,
      "rmse_std": 0.6890984931164471,
      "mae_mean": 2.3362004227108426,
      "mae_std": 0.5325629580425987,
      "pearson_r_mean": 0.9657865828937955,
      "pearson_r_std": 0.007684302060631544,
      "r2_mean": 0.9259690907266405,
      "r2_std": 0.015096819297950844
    },
    {
      "n_input_channels": 5,
      "channel": "C5",
      "rmse_mean": 4.485257493125068,
      "rmse_std": 0.8062517739229245,
      "mae_mean": 3.479763136969672,
      "mae_std": 0.629463600957985,
      "pearson_r_mean": 0.8759173883332146,
      "pearson_r_std": 0.0276390979371732,
      "r2_mean": 0.7145300507545471,
      "r2_std": 0.06301589542381099
    },
    {
      "n_input_channels": 5,
      "channel": "C6",
      "rmse_mean": 4.252601835462782,
      "rmse_std": 0.8960336044509949,
      "mae_mean": 3.326135132047865,
      "mae_std": 0.701269888410167,
      "pearson_r_mean": 0.9062039587232802,
      "pearson_r_std": 0.017432657602007854,
      "r2_mean": 0.8126283685366312,
      "r2_std": 0.03519245955443331
    },
    {
      "n_input_channels": 5,
      "channel": "CP1",
      "rmse_mean": 2.8731716871261597,
      "rmse_std": 0.8766093476508949,
      "mae_mean": 2.2628520727157593,
      "mae_std": 0.665243229269246,
      "pearson_r_mean": 0.9631367656919692,
      "pearson_r_std": 0.011006832613866735,
      "r2_mean": 0.9252004623413086,
      "r2_std": 0.02156174038232606
    },
    {
      "n_input_channels": 5,
      "channel": "CP2",
      "rmse_mean": 2.671947161356608,
      "rmse_std": 0.8640295872840793,
      "mae_mean": 2.0956833362579346,
      "mae_std": 0.665335990448557,
      "pearson_r_mean": 0.9727039734522501,
      "pearson_r_std": 0.00893548824799191,
      "r2_mean": 0.9398011366526285,
      "r2_std": 0.018138287708812956
    },
    {
      "n_input_channels": 5,
      "channel": "CP3",
      "rmse_mean": 3.7196049425337048,
      "rmse_std": 1.642907139892035,
      "mae_mean": 2.9026810857984753,
      "mae_std": 1.2377571478883693,
      "pearson_r_mean": 0.9300235443645053,
      "pearson_r_std": 0.03676511362045076,
      "r2_mean": 0.8647707303365072,
      "r2_std": 0.06886144825885412
    },
    {
      "n_input_channels": 5,
      "channel": "CP4",
      "rmse_mean": 3.65578195783827,
      "rmse_std": 1.6141294162628863,
      "mae_mean": 2.8436913755204944,
      "mae_std": 1.223788667484792,
      "pearson_r_mean": 0.9445871180958219,
      "pearson_r_std": 0.025178941697321846,
      "r2_mean": 0.8898209267192416,
      "r2_std": 0.048664664835460496
    },
    {
      "n_input_channels": 5,
      "channel": "CPz",
      "rmse_mean": 2.911901831626892,
      "rmse_std": 0.8589940827863826,
      "mae_mean": 2.292213241259257,
      "mae_std": 0.6656191884316862,
      "pearson_r_mean": 0.9676997197998894,
      "pearson_r_std": 0.010748096915697839,
      "r2_mean": 0.9292062587208219,
      "r2_std": 0.02116832985304443
    },
    {
      "n_input_channels": 5,
      "channel": "Cz",
      "rmse_mean": 3.9228943718804254,
      "rmse_std": 1.2256178432028595,
      "mae_mean": 3.0982078976101346,
      "mae_std": 0.957090004814269,
      "pearson_r_mean": 0.9422643515798781,
      "pearson_r_std": 0.023121199766588763,
      "r2_mean": 0.8774800896644592,
      "r2_std": 0.04085240600382961
    },
    {
      "n_input_channels": 5,
      "channel": "FC1",
      "rmse_mean": 3.5889521174960666,
      "rmse_std": 0.9532825377458464,
      "mae_mean": 2.833549155129327,
      "mae_std": 0.7407655585473469,
      "pearson_r_mean": 0.9448061452971565,
      "pearson_r_std": 0.01725167968436901,
      "r2_mean": 0.8878524435891045,
      "r2_std": 0.031736036850595783
    },
    {
      "n_input_channels": 5,
      "channel": "FC2",
      "rmse_mean": 3.657117234336005,
      "rmse_std": 0.9035500009960614,
      "mae_mean": 2.8883299827575684,
      "mae_std": 0.7005702620344835,
      "pearson_r_mean": 0.9472171068191528,
      "pearson_r_std": 0.014754043206805264,
      "r2_mean": 0.8893849319881864,
      "r2_std": 0.028151103750661797
    },
    {
      "n_input_channels": 5,
      "channel": "FC3",
      "rmse_mean": 3.9364052878485785,
      "rmse_std": 0.9110572833876636,
      "mae_mean": 3.0859806537628174,
      "mae_std": 0.7148292122537632,
      "pearson_r_mean": 0.9190458920266893,
      "pearson_r_std": 0.022900653217729414,
      "r2_mean": 0.8439418541060554,
      "r2_std": 0.042817090728611146
    },
    {
      "n_input_channels": 5,
      "channel": "FC4",
      "rmse_mean": 3.8523130151960583,
      "rmse_std": 0.9051719055203282,
      "mae_mean": 3.0268073081970215,
      "mae_std": 0.7036148013775045,
      "pearson_r_mean": 0.9339009589619107,
      "pearson_r_std": 0.014826158221197825,
      "r2_mean": 0.8699963556395637,