{
  "rows": 27,
  "splits": 9,
  "method": "bem_mne_forward_inverse",
  "inverse_method": "dSPM",
  "lambda2": 0.1111111111111111,
  "ad_hoc_noise_std": 5e-07,
  "mean_metrics": [
    {
      "n_input_channels": 5,
      "rmse": 11777909522.457727,
      "mae": 8839071031.9425,
      "pearson_r": -0.00872483089359667,
      "r2": -1.287985002372042e+18
    },
    {
      "n_input_channels": 10,
      "rmse": 10000726742.93883,
      "mae": 7676979801.300932,
      "pearson_r": -0.014856562484834582,
      "r2": -9.273710472286739e+17
    },
    {
      "n_input_channels": 15,
      "rmse": 8061595463.341763,
      "mae": 6187330155.375988,
      "pearson_r": -0.024506197315899498,
      "r2": -6.099257773460055e+17
    }
  ]
}